utc_timestamp,cet_cest_timestamp,DE_KN_industrial1_grid_import,DE_KN_industrial1_pv_1,DE_KN_industrial1_pv_2,DE_KN_industrial2_grid_import,DE_KN_industrial2_pv,DE_KN_industrial2_storage_charge,DE_KN_industrial2_storage_decharge,DE_KN_industrial3_area_offices,DE_KN_industrial3_area_room_1,DE_KN_industrial3_area_room_2,DE_KN_industrial3_area_room_3,DE_KN_industrial3_area_room_4,DE_KN_industrial3_compressor,DE_KN_industrial3_cooling_aggregate,DE_KN_industrial3_cooling_pumps,DE_KN_industrial3_dishwasher,DE_KN_industrial3_ev,DE_KN_industrial3_grid_import,DE_KN_industrial3_machine_1,DE_KN_industrial3_machine_2,DE_KN_industrial3_machine_3,DE_KN_industrial3_machine_4,DE_KN_industrial3_machine_5,DE_KN_industrial3_pv_facade,DE_KN_industrial3_pv_roof,DE_KN_industrial3_refrigerator,DE_KN_industrial3_ventilation,DE_KN_public1_grid_import,DE_KN_public2_grid_import,DE_KN_residential1_dishwasher,DE_KN_residential1_freezer,DE_KN_residential1_grid_import,DE_KN_residential1_heat_pump,DE_KN_residential1_pv,DE_KN_residential1_washing_machine,DE_KN_residential2_circulation_pump,DE_KN_residential2_dishwasher,DE_KN_residential2_freezer,DE_KN_residential2_grid_import,DE_KN_residential2_washing_machine,DE_KN_residential3_circulation_pump,DE_KN_residential3_dishwasher,DE_KN_residential3_freezer,DE_KN_residential3_grid_export,DE_KN_residential3_grid_import,DE_KN_residential3_pv,DE_KN_residential3_refrigerator,DE_KN_residential3_washing_machine,DE_KN_residential4_dishwasher,DE_KN_residential4_ev,DE_KN_residential4_freezer,DE_KN_residential4_grid_export,DE_KN_residential4_grid_import,DE_KN_residential4_heat_pump,DE_KN_residential4_pv,DE_KN_residential4_refrigerator,DE_KN_residential4_washing_machine,DE_KN_residential5_dishwasher,DE_KN_residential5_grid_import,DE_KN_residential5_refrigerator,DE_KN_residential5_washing_machine,DE_KN_residential6_circulation_pump,DE_KN_residential6_dishwasher,DE_KN_residential6_freezer,DE_KN_residential6_grid_export,DE_KN_residential6_grid_import,DE_KN_residential6_pv,DE_KN_residential6_washing_machine,interpolated
2016-01-01T00:00:00Z,2016-01-01T01:00:00+0100,17765.754,356.090,238.135,,1501.470,,,2426.069,779.434,3955.801,734.738,5115.479,6343.661,711.549,22491.699,113.945,,,5234.136,17291.538,29037.608,111.007,755.557,599.470,880.123,51.355,22546.743,,,100.627,78.109,2912.530,2207.430,6404.501,93.963,233.868,148.863,89.185,1460.778,80.215,530.031,545.100,213.011,,,,164.284,665.333,24.260,218.848,35.938,749.528,1154.099,787.879,1156.615,29.289,17.069,47.057,500.290,59.444,43.247,77.952,10.579,26.562,,1038.180,671.511,8.777,DE_KN_residential6_circulation_pump | DE_KN_residential6_grid_import | DE_KN_residential6_pv | DE_KN_residential5_dishwasher
2016-01-01T00:15:00Z,2016-01-01T01:15:00+0100,17769.500,356.090,238.135,,1501.470,,,2426.207,779.474,3956.142,734.746,5115.479,6344.247,711.619,22494.261,113.945,,,5234.136,17292.054,29039.983,111.007,755.644,599.470,880.123,51.355,22548.962,,,100.627,78.126,2912.635,2207.430,6404.501,93.963,233.877,148.863,89.188,1460.807,80.215,530.047,545.101,213.011,,,,164.295,665.333,24.260,218.848,35.945,749.528,1154.481,788.199,1156.615,29.289,17.069,47.057,500.435,59.459,43.247,77.971,10.579,26.571,,1038.240,671.511,8.777,DE_KN_residential6_circulation_pump | DE_KN_residential6_grid_import | DE_KN_residential6_pv
2016-01-01T00:30:00Z,2016-01-01T01:30:00+0100,17773.754,356.090,238.135,,1501.470,,,2426.357,779.514,3956.475,734.748,5115.479,6344.442,711.650,22496.870,113.945,,,5234.136,17292.617,29042.358,111.007,755.726,599.470,880.123,51.355,22551.212,,,100.627,78.126,2912.704,2207.432,6404.501,93.963,233.902,148.863,89.188,1460.852,80.215,530.064,545.101,213.011,,,,164.295,665.333,24.260,218.848,35.945,749.528,1154.591,788.219,1156.615,29.289,17.069,47.057,500.585,59.472,43.247,77.992,10.579,26.576,,1038.300,671.511,8.777,DE_KN_residential6_circulation_pump | DE_KN_residential6_grid_import | DE_KN_residential6_pv
2016-01-01T00:45:00Z,2016-01-01T01:45:00+0100,17775.000,356.090,238.135,,1501.470,,,2426.487,779.554,3956.812,734.748,5115.479,6345.067,711.682,22499.433,113.945,,,5234.136,17293.163,29044.733,111.007,755.807,599.470,880.123,51.355,22553.462,,,100.627,78.144,2912.808,2207.442,6404.501,93.963,233.911,148.863,89.191,1460.897,80.215,530.080,545.102,213.011,,,,164.295,665.333,24.260,218.848,35.949,749.528,1154.986,788.487,1156.615,29.289,17.069,47.057,500.760,59.495,43.247,78.009,10.579,26.576,,1038.357,671.511,8.777,DE_KN_residential6_circulation_pump | DE_KN_residential6_grid_import | DE_KN_residential6_pv
2016-01-01T01:00:00Z,2016-01-01T02:00:00+0100,17776.500,356.090,238.135,,1501.470,,,2426.617,779.594,3957.162,734.758,5115.479,6345.598,711.760,22502.011,113.945,,,5234.136,17293.726,29047.140,111.007,755.888,599.470,880.123,51.355,22555.618,,,100.627,78.144,2912.895,2207.729,6404.501,93.963,233.933,148.863,89.199,1460.957,80.216,530.096,545.103,213.011,,,,164.295,665.333,24.260,218.848,35.958,749.528,1155.124,788.537,1156.615,29.304,17.069,47.057,500.935,59.508,43.247,78.017,10.579,26.590,,1038.402,671.511,8.777,DE_KN_residential6_circulation_pump | DE_KN_residential6_grid_import | DE_KN_residential6_pv
2016-01-01T01:15:00Z,2016-01-01T02:15:00+0100,17779.000,356.090,238.135,,1501.470,,,2426.760,779.644,3957.494,734.758,5115.479,6345.856,711.775,22504.574,113.945,,,5234.136,17294.242,29049.608,111.007,755.976,599.470,880.123,51.355,22557.868,,,100.627,78.159,2912.988,2207.729,6404.501,93.963,233.944,148.863,89.200,1461.028,80.216,530.112,545.103,213.011,,,,164.295,665.333,24.260,218.848,35.958,749.528,1155.301,788.587,1156.615,29.319,17.069,47.057,501.095,59.509,43.247,78.025,10.579,26.590,,1038.470,671.511,8.777,DE_KN_residential6_circulation_pump | DE_KN_residential6_grid_import | DE_KN_residential6_pv
2016-01-01T01:30:00Z,2016-01-01T02:30:00+0100,17782.250,356.090,238.135,,1501.470,,,2426.917,779.684,3957.832,734.765,5115.479,6346.457,711.838,22507.183,113.945,,,5234.136,17294.788,29051.983,111.007,756.054,599.470,880.123,51.355,22560.087,,,100.627,78.163,2913.065,2207.729,6404.501,93.963,233.954,148.863,89.200,1461.067,80.216,530.133,545.104,213.011,,,,164.297,665.333,24.260,218.848,35.959,749.528,1155.684,788.876,1156.615,29.333,17.069,47.057,501.210,59.509,43.247,78.032,10.579,26.597,,1038.530,671.511,8.777,DE_KN_residential3_washing_machine | DE_KN_residential3_dishwasher | DE_KN_residential5_dishwasher | DE_KN_residential6_grid_import | DE_KN_residential6_pv | DE_KN_residential6_circulation_pump
2016-01-01T01:45:00Z,2016-01-01T02:45:00+0100,17783.758,356.090,238.135,,1501.470,,,2427.077,779.724,3958.172,734.768,5115.479,6346.965,711.885,22509.745,113.945,,,5234.136,17295.288,29054.358,111.007,756.137,599.470,880.123,51.355,22562.337,,,100.627,78.171,2913.167,2207.879,6404.501,93.963,233.963,148.863,89.209,1461.092,80.216,530.150,545.105,213.011,,,,164.309,665.333,24.260,218.848,35.971,749.528,1155.811,788.897,1156.615,29.337,17.069,47.057,501.320,59.509,43.247,78.039,10.579,26.604,,1038.592,671.511,8.777,DE_KN_residential3_washing_machine | DE_KN_residential3_dishwasher
2016-01-01T02:00:00Z,2016-01-01T03:00:00+0100,17785.000,356.090,238.135,,1501.470,,,2427.237,779.764,3958.504,734.768,5115.479,6347.270,711.932,22512.324,113.945,,,5234.136,17295.851,29056.733,111.007,756.218,599.470,880.123,51.355,22564.493,,,100.627,78.180,2913.267,2208.031,6404.501,93.963,233.985,148.863,89.211,1461.122,80.216,530.167,545.105,213.011,,,,164.321,665.333,24.260,218.848,35.972,749.528,1156.191,789.194,1156.615,29.337,17.069,47.057,501.440,59.519,43.247,78.046,10.579,26.604,,1038.660,671.511,8.777,DE_KN_residential3_washing_machine | DE_KN_residential3_dishwasher
2016-01-01T02:15:00Z,2016-01-01T03:15:00+0100,17786.254,356.090,238.135,,1501.470,,,2427.404,779.804,3958.851,734.778,5115.479,6347.887,711.963,22514.886,113.945,,,5234.136,17296.413,29059.140,111.007,756.304,599.470,880.123,51.355,22566.712,,,100.627,78.183,2913.367,2208.459,6404.501,93.963,233.995,148.863,89.211,1461.152,80.216,530.183,545.106,213.011,,,,164.332,665.333,24.260,218.848,35.972,749.528,1156.301,789.209,1156.615,29.337,17.069,47.057,501.565,59.535,43.247,78.052,10.579,26.618,,1038.720,671.511,8.777,DE_KN_residential3_washing_machine | DE_KN_residential3_dishwasher | DE_KN_residential6_grid_import | DE_KN_residential6_pv | DE_KN_residential6_circulation_pump
2016-01-01T02:30:00Z,2016-01-01T03:30:00+0100,17787.500,356.090,238.135,,1501.470,,,2427.557,779.844,3959.184,734.778,5115.479,6348.145,711.994,22517.449,113.945,,,5234.136,17296.976,29061.608,111.007,756.387,599.470,880.123,51.355,22568.962,,,100.627,78.198,2913.457,2208.469,6404.501,93.963,234.005,148.863,89.215,1461.172,80.216,530.200,545.106,213.011,,,,164.339,665.333,24.260,218.848,35.984,749.528,1156.549,789.371,1156.615,29.337,17.069,47.057,501.685,59.552,43.247,78.060,10.579,26.618,,1038.782,671.511,8.777,DE_KN_residential6_circulation_pump | DE_KN_residential6_grid_import | DE_KN_residential6_pv
2016-01-01T02:45:00Z,2016-01-01T03:45:00+0100,17789.004,356.090,238.135,,1501.470,,,2427.707,779.886,3959.521,734.785,5115.479,6348.700,712.080,22520.011,113.945,,,5234.136,17297.476,29063.983,111.007,756.465,599.470,880.123,51.355,22571.212,,,100.627,78.199,2913.548,2208.701,6404.501,93.963,234.027,148.863,89.221,1461.202,80.216,530.216,545.107,213.011,,,,164.339,665.333,24.260,218.848,35.984,749.528,1156.799,789.549,1156.615,29.337,17.069,47.057,501.835,59.566,43.247,78.067,10.579,26.622,,1038.840,671.511,8.777,DE_KN_residential6_circulation_pump | DE_KN_residential6_grid_import | DE_KN_residential6_pv
2016-01-01T03:00:00Z,2016-01-01T04:00:00+0100,17790.750,356.090,238.135,,1501.470,,,2427.867,779.934,3959.863,734.788,5115.479,6349.325,712.088,22522.620,113.945,,,5234.136,17298.038,29066.358,111.007,756.549,599.470,880.123,51.355,22573.368,,,100.627,78.216,2913.655,2208.879,6404.501,93.963,234.037,148.863,89.221,1461.228,80.216,530.232,545.107,213.011,,,,164.340,665.333,24.260,218.848,35.985,749.528,1156.894,789.569,1156.615,29.337,17.069,47.057,501.990,59.579,43.247,78.074,10.579,26.633,,1038.887,671.511,8.777,DE_KN_residential6_circulation_pump | DE_KN_residential6_grid_import | DE_KN_residential6_pv
2016-01-01T03:15:00Z,2016-01-01T04:15:00+0100,17792.758,356.090,238.135,,1501.470,,,2428.017,779.974,3960.211,734.798,5115.479,6349.504,712.182,22525.183,113.945,,,5234.136,17298.554,29068.733,111.007,756.637,599.470,880.123,51.355,22575.618,,,100.627,78.216,2913.738,2208.879,6404.501,93.963,234.047,148.864,89.222,1461.253,80.216,530.249,545.108,213.011,,,,164.340,665.333,24.260,218.848,35.997,749.528,1157.269,789.869,1156.615,29.337,17.069,47.057,502.110,59.586,43.247,78.081,10.579,26.633,,1038.930,671.511,8.777,DE_KN_residential6_circulation_pump | DE_KN_residential6_grid_import | DE_KN_residential6_pv
2016-01-01T03:30:00Z,2016-01-01T04:30:00+0100,17794.750,356.090,238.135,,1501.470,,,2428.167,780.014,3960.551,734.805,5115.479,6350.106,712.213,22527.761,113.945,,,5234.136,17299.101,29071.140,111.007,756.715,599.470,880.123,51.355,22577.837,,,100.627,78.234,2913.854,2209.059,6404.501,93.963,234.069,148.864,89.232,1461.288,80.216,530.267,545.108,213.011,,,,164.340,665.333,24.260,218.848,35.998,749.528,1157.329,789.889,1156.615,29.337,17.069,47.057,502.200,59.600,43.247,78.088,10.579,26.644,,1038.980,671.511,8.777,DE_KN_residential6_circulation_pump | DE_KN_residential6_grid_import | DE_KN_residential6_pv | DE_KN_residential5_dishwasher
2016-01-01T03:45:00Z,2016-01-01T04:45:00+0100,17796.754,356.090,238.135,,1501.470,,,2428.327,780.054,3960.902,734.808,5115.479,6350.731,712.244,22530.370,113.945,,,5234.136,17299.663,29073.608,111.007,756.796,599.470,880.123,51.355,22580.087,,,100.627,78.234,2913.937,2209.191,6404.501,93.963,234.120,148.864,89.232,1461.372,80.216,530.284,545.109,213.011,,,,164.345,665.333,24.260,218.848,35.998,749.528,1157.619,790.112,1156.615,29.337,17.069,47.057,502.265,59.606,43.247,78.095,10.579,26.647,,1039.019,671.511,8.777,DE_KN_residential6_circulation_pump | DE_KN_residential6_grid_import | DE_KN_residential6_pv | DE_KN_residential5_dishwasher
2016-01-01T04:00:00Z,2016-01-01T05:00:00+0100,17799.008,356.090,238.135,,1501.470,,,2428.515,780.094,3961.242,734.808,5115.479,6350.942,712.275,22532.933,113.945,,,5234.136,17300.163,29075.983,111.007,756.878,599.470,880.123,51.355,22582.243,,,100.627,78.247,2914.080,2210.043,6404.501,93.963,234.148,148.864,89.232,1461.447,80.216,530.304,545.109,213.011,,,,164.357,665.333,24.260,218.848,36.008,749.528,1157.761,790.219,1156.615,29.352,17.069,47.057,502.325,59.606,43.247,78.102,10.579,26.648,,1039.070,671.511,8.777,DE_KN_residential3_washing_machine | DE_KN_residential3_dishwasher | DE_KN_residential6_grid_import | DE_KN_residential6_pv | DE_KN_residential6_circulation_pump
2016-01-01T04:15:00Z,2016-01-01T05:15:00+0100,17800.250,356.090,238.135,,1501.470,,,2428.694,780.136,3961.584,734.818,5115.479,6351.567,712.338,22535.511,113.945,,,5234.136,17300.726,29078.358,111.007,756.965,599.470,880.123,51.355,22584.493,,,100.628,78.252,2914.177,2210.284,6404.501,93.963,234.164,148.864,89.241,1461.493,80.216,530.321,545.110,213.011,,,,164.368,665.333,24.260,218.848,36.011,749.528,1157.931,790.306,1156.615,29.367,17.069,47.058,502.385,59.606,43.247,78.109,10.579,26.662,,1039.120,671.511,8.778,DE_KN_residential3_washing_machine | DE_KN_residential3_dishwasher
2016-01-01T04:30:00Z,2016-01-01T05:30:00+0100,17801.754,356.090,238.135,,1501.470,,,2428.864,780.184,3961.931,734.818,5115.479,6352.168,712.393,22538.074,113.945,,,5234.136,17301.288,29080.733,111.007,757.046,599.470,880.123,51.355,22586.712,,,100.628,78.259,2914.301,2211.164,6404.501,93.963,234.195,148.864,89.244,1461.547,80.216,530.340,545.111,213.011,,,,164.380,665.333,24.260,218.848,36.012,749.528,1158.179,790.549,1156.615,29.381,17.069,47.058,502.440,59.608,43.247,78.118,10.579,26.662,,1039.317,671.511,8.778,DE_KN_residential3_washing_machine | DE_KN_residential3_dishwasher
2016-01-01T04:45:00Z,2016-01-01T05:45:00+0100,17803.500,356.090,238.135,,1501.470,,,2429.034,780.224,3962.271,734.825,5115.479,6352.372,712.447,22540.683,113.945,,,5234.136,17301.851,29083.233,111.007,757.128,599.470,880.123,51.355,22588.962,,,100.628,78.271,2914.434,2211.789,6404.501,93.963,234.206,148.864,89.244,1461.577,80.216,530.358,545.112,213.011,,,,164.383,665.333,24.260,218.848,36.018,749.528,1158.239,790.567,1156.615,29.383,17.069,47.058,502.520,59.636,43.247,78.135,10.579,26.669,,1039.485,671.511,8.778,DE_KN_residential3_washing_machine | DE_KN_residential3_dishwasher
2016-01-01T05:00:00Z,2016-01-01T06:00:00+0100,17804.500,356.090,238.135,,1501.470,,,2429.197,780.264,3962.611,734.828,5115.479,6353.004,712.494,22543.245,113.945,,,5234.136,17302.351,29085.608,111.007,757.215,599.470,880.123,51.355,22591.212,,,100.628,78.271,2914.530,2212.132,6404.501,93.963,234.218,148.864,89.247,1461.602,80.216,530.375,545.112,213.011,,,,164.383,665.333,24.260,218.848,36.024,749.528,1158.599,790.881,1156.615,29.383,17.069,47.058,502.620,59.664,43.247,78.155,10.579,26.676,,1039.635,671.511,8.778,DE_KN_residential3_washing_machine | DE_KN_residential3_dishwasher | DE_KN_residential6_grid_import | DE_KN_residential6_pv | DE_KN_residential6_circulation_pump
2016-01-01T05:15:00Z,2016-01-01T06:15:00+0100,17806.000,356.090,238.135,,1501.470,,,2429.347,780.304,3962.961,734.828,5115.479,6353.332,712.525,22545.839,113.945,,,5234.136,17302.913,29088.015,111.007,757.296,599.470,880.123,51.355,22593.368,,,100.628,78.289,2914.677,2213.026,6404.501,93.963,234.252,148.864,89.255,1461.647,80.216,530.393,545.112,213.011,,,,164.383,665.333,24.260,218.848,36.025,749.528,1158.639,790.907,1156.615,29.383,17.069,47.058,502.705,59.676,43.247,78.175,10.580,26.676,,1039.787,671.511,8.778,DE_KN_residential6_circulation_pump | DE_KN_residential6_grid_import | DE_KN_residential6_pv
2016-01-01T05:30:00Z,2016-01-01T06:30:00+0100,17807.250,356.090,238.135,,1501.470,,,2429.515,780.344,3963.301,734.838,5115.479,6353.801,712.557,22548.402,113.945,,,5234.136,17303.429,29090.483,111.007,757.375,599.470,880.123,51.355,22595.602,,,100.628,78.289,2914.760,2213.196,6404.501,93.963,234.264,148.864,89.255,1461.672,80.216,530.411,545.113,213.011,,,,164.383,665.334,24.260,218.848,36.028,749.528,1158.918,791.162,1156.615,29.383,17.069,47.058,502.755,59.676,43.247,78.196,10.580,26.690,,1040.009,671.511,8.778,DE_KN_residential6_circulation_pump | DE_KN_residential6_grid_import | DE_KN_residential6_pv
2016-01-01T05:45:00Z,2016-01-01T06:45:00+0100,17809.250,356.090,238.135,,1501.470,,,2429.677,780.386,3963.642,734.838,5115.479,6354.426,712.619,22550.995,113.945,,,5234.136,17303.976,29092.858,111.007,757.459,599.470,880.123,51.355,22597.837,,,100.628,78.307,2914.907,2214.086,6404.501,93.963,234.276,148.864,89.255,1461.702,80.216,530.428,545.113,213.011,,,,164.383,665.334,24.260,218.848,36.037,749.528,1159.039,791.227,1156.615,29.383,17.069,47.058,502.815,59.677,43.247,78.217,10.580,26.690,,1040.187,671.511,8.778,DE_KN_residential6_circulation_pump | DE_KN_residential6_grid_import | DE_KN_residential6_pv
2016-01-01T06:00:00Z,2016-01-01T07:00:00+0100,17811.500,356.090,238.135,,1501.470,,,2429.845,780.426,3963.975,734.845,5115.479,6354.684,712.650,22553.558,113.945,,,5234.136,17304.538,29095.233,111.007,757.546,599.470,880.123,51.355,22600.040,,,100.628,78.307,2914.997,2214.389,6404.501,93.963,234.287,148.864,89.265,1461.728,80.216,530.445,545.114,213.011,,,,164.392,665.334,24.260,218.848,36.038,749.528,1159.184,791.295,1156.615,29.383,17.069,47.058,502.865,59.677,43.247,78.236,10.580,26.695,,1040.435,671.511,8.778,DE_KN_residential6_circulation_pump | DE_KN_residential6_grid_import | DE_KN_residential6_pv
2016-01-01T06:15:00Z,2016-01-01T07:15:00+0100,17815.500,356.090,238.135,,1501.470,,,2430.015,780.474,3964.312,734.848,5115.479,6355.262,712.713,22556.152,113.945,,,5234.136,17305.054,29097.608,111.007,757.625,599.470,880.123,51.355,22602.243,,,100.628,78.320,2915.131,2214.895,6404.501,93.963,234.297,148.864,89.266,1461.748,80.216,530.463,545.114,213.011,,,,164.404,665.334,24.260,218.848,36.039,749.528,1159.429,791.559,1156.615,29.383,17.069,47.058,502.930,59.692,43.247,78.256,10.580,26.704,,1040.584,671.511,8.778,DE_KN_residential6_circulation_pump | DE_KN_residential6_grid_import | DE_KN_residential6_pv
2016-01-01T06:30:00Z,2016-01-01T07:30:00+0100,17819.500,356.090,238.135,,1501.470,,,2430.149,780.514,3964.654,734.848,5115.479,6355.887,712.760,22558.714,113.945,,,5234.136,17305.617,29100.015,111.007,757.706,599.470,880.123,51.355,22604.477,,,100.628,78.325,2915.247,2215.537,6404.501,93.963,234.307,148.864,89.266,1461.768,80.216,530.480,545.115,213.011,,,,164.415,665.334,24.260,218.848,36.050,749.528,1159.508,791.576,1156.615,29.383,17.069,47.058,502.995,59.703,43.247,78.275,10.580,26.704,,1040.724,671.511,8.778,DE_KN_residential6_circulation_pump | DE_KN_residential6_grid_import | DE_KN_residential6_pv
2016-01-01T06:45:00Z,2016-01-01T07:45:00+0100,17820.750,356.090,238.135,,1501.470,,,2430.297,780.554,3964.992,734.858,5115.479,6356.098,712.807,22561.277,113.945,,,5234.136,17306.163,29102.483,111.007,757.787,599.470,880.123,51.355,22606.712,,,100.628,78.332,2915.357,2215.600,6404.501,93.963,234.317,148.864,89.271,1461.827,80.216,530.497,545.116,213.011,,,,164.427,665.334,24.260,218.848,36.051,749.528,1159.828,791.886,1156.615,29.383,17.069,47.058,503.050,59.706,43.247,78.294,10.580,26.716,,1040.842,671.511,8.778,DE_KN_residential6_circulation_pump | DE_KN_residential6_grid_import | DE_KN_residential6_pv | DE_KN_residential5_dishwasher
2016-01-01T07:00:00Z,2016-01-01T08:00:00+0100,17822.250,356.100,238.135,,1501.470,,,2430.437,780.594,3965.332,734.858,5115.479,6356.723,712.838,22563.933,113.946,,,5234.136,17306.726,29104.858,111.007,757.869,599.470,880.123,51.355,22608.915,,,100.628,78.343,2915.478,2216.057,6404.501,93.963,234.326,148.864,89.277,1461.867,80.216,530.515,545.117,213.011,,,,164.434,665.334,24.260,218.848,36.051,749.528,1159.893,791.907,1156.615,29.396,17.069,47.058,503.115,59.721,43.247,78.314,10.580,26.719,,1040.962,671.511,8.778,DE_KN_residential5_dishwasher
2016-01-01T07:15:00Z,2016-01-01T08:15:00+0100,17824.750,356.115,238.135,,1501.470,,,2430.569,780.634,3965.662,734.868,5115.479,6357.348,712.900,22566.449,113.946,,,5234.136,17307.226,29107.233,111.007,757.956,599.470,880.127,51.355,22611.165,,,100.628,78.347,2915.568,2216.328,6404.501,93.963,234.342,148.864,89.277,1461.912,80.216,530.532,545.117,213.011,,,,164.434,665.334,24.260,218.848,36.063,749.528,1160.214,792.152,1156.615,29.411,17.069,47.058,503.185,59.735,43.247,78.326,10.580,26.721,,1041.062,671.511,8.778,DE_KN_residential6_circulation_pump | DE_KN_residential6_grid_import | DE_KN_residential6_pv | DE_KN_residential5_dishwasher
2016-01-01T07:30:00Z,2016-01-01T08:30:00+0100,17828.250,356.145,238.135,,1501.473,,,2430.717,780.676,3966.002,734.868,5115.479,6357.543,712.955,22569.027,113.946,,,5234.136,17307.742,29109.608,111.007,758.035,599.470,880.133,51.355,22613.352,,,100.628,78.360,2915.675,2216.544,6404.501,93.963,234.361,148.864,89.278,1461.967,80.216,530.550,545.118,213.011,,,,164.434,665.334,24.260,218.848,36.064,749.528,1160.319,792.237,1156.625,29.426,17.069,47.058,503.250,59.748,43.247,78.333,10.580,26.733,,1041.162,671.511,8.778,DE_KN_residential6_circulation_pump | DE_KN_residential6_grid_import | DE_KN_residential6_pv
2016-01-01T07:45:00Z,2016-01-01T08:45:00+0100,17830.250,356.175,238.135,,1501.480,,,2430.857,780.724,3966.341,734.868,5115.479,6358.168,712.963,22571.683,113.946,,,5234.136,17308.304,29112.015,111.007,758.119,599.470,880.153,51.355,22615.556,,,100.628,78.361,2915.757,2216.561,6404.501,93.963,234.371,148.864,89.288,1461.993,80.216,530.566,545.119,213.011,,,,164.434,665.334,24.260,218.848,36.064,749.528,1160.494,792.354,1156.635,29.428,17.069,47.392,503.665,59.763,43.247,78.340,10.580,26.733,,1041.262,671.511,8.778,DE_KN_residential3_washing_machine | DE_KN_residential3_dishwasher | DE_KN_residential6_grid_import | DE_KN_residential6_pv | DE_KN_residential6_circulation_pump
2016-01-01T08:00:00Z,2016-01-01T09:00:00+0100,17833.250,356.225,238.145,,1501.492,,,2430.997,780.764,3966.681,734.878,5115.479,6358.739,713.057,22574.245,113.946,,,5234.136,17308.851,29114.483,111.007,758.197,599.470,880.173,51.355,22617.790,,,100.628,78.378,2915.898,2217.078,6404.521,93.963,234.396,148.865,89.288,1462.023,80.216,530.584,545.120,213.011,,,,164.434,665.334,24.260,218.848,36.076,749.528,1160.688,792.567,1156.654,29.428,17.069,47.568,503.915,59.774,43.247,78.346,10.580,26.743,,1041.352,671.511,8.778,DE_KN_residential3_washing_machine | DE_KN_residential3_dishwasher
2016-01-01T08:15:00Z,2016-01-01T09:15:00+0100,17836.250,356.295,238.180,,1501.512,,,2431.127,780.804,3967.021,734.878,5115.479,6359.004,713.088,22576.824,113.946,,,5234.136,17309.413,29116.817,111.007,758.280,599.470,880.189,51.355,22620.024,,,100.628,78.379,2915.968,2217.090,6404.555,93.963,234.406,148.865,89.288,1462.047,80.216,530.600,545.120,213.011,,,,164.443,665.334,24.260,218.848,36.077,749.528,1160.724,792.586,1156.674,29.428,17.069,47.658,504.045,59.774,43.247,78.353,10.580,26.747,,1041.452,671.511,8.778,DE_KN_residential3_washing_machine | DE_KN_residential3_dishwasher | DE_KN_residential6_grid_import | DE_KN_residential6_pv | DE_KN_residential6_circulation_pump
2016-01-01T08:30:00Z,2016-01-01T09:30:00+0100,17840.000,356.395,238.245,,1501.629,,,2431.257,780.844,3967.351,734.888,5115.479,6359.606,713.119,22579.386,113.946,,,5234.136,17309.976,29119.233,111.007,758.366,599.486,880.261,51.355,22622.227,,,100.628,78.396,2916.087,2217.414,6404.571,93.963,234.415,148.865,89.296,1462.072,80.216,530.618,545.121,213.011,,,,164.455,665.334,24.260,218.848,36.078,749.541,1161.036,792.899,1156.709,29.428,17.069,47.671,504.125,59.775,43.247,78.360,10.580,26.747,,1041.542,671.530,8.778,DE_KN_residential6_circulation_pump | DE_KN_residential6_grid_import | DE_KN_residential6_pv
2016-01-01T08:45:00Z,2016-01-01T09:45:00+0100,17844.500,356.510,238.335,,1501.872,,,2431.397,780.884,3967.684,734.888,5115.479,6360.129,713.182,22581.949,113.946,,,5234.136,17310.492,29121.608,111.007,758.445,599.515,880.392,51.355,22624.431,,,100.628,78.397,2916.204,2218.279,6404.604,93.963,234.440,148.865,89.299,1462.112,80.216,530.635,545.121,213.011,,,,164.466,665.334,24.260,218.848,36.088,749.609,1161.036,792.919,1156.841,29.428,17.069,47.683,504.195,59.775,43.247,78.367,10.580,26.761,,1041.642,671.548,8.778,DE_KN_residential6_circulation_pump | DE_KN_residential6_grid_import | DE_KN_residential6_pv
2016-01-01T09:00:00Z,2016-01-01T10:00:00+0100,17847.500,356.635,238.440,,1501.995,,,2431.527,780.924,3968.021,734.888,5115.479,6360.450,713.213,22584.558,113.946,,,5234.136,17311.038,29124.015,111.007,758.526,599.528,880.493,51.355,22626.665,,,100.628,78.410,2916.289,2218.279,6404.686,93.963,234.450,148.865,89.299,1462.132,80.216,530.654,545.122,213.011,,,,164.477,665.334,24.260,218.848,36.090,749.618,1161.306,793.197,1156.910,29.428,17.069,47.988,504.585,59.778,43.247,78.374,10.580,26.761,,1041.752,671.596,8.778,DE_KN_residential3_washing_machine | DE_KN_residential3_dishwasher | DE_KN_residential6_grid_import | DE_KN_residential6_pv | DE_KN_residential6_circulation_pump
2016-01-01T09:15:00Z,2016-01-01T10:15:00+0100,17851.500,356.800,238.560,,1502.150,,,2431.667,780.964,3968.354,734.898,5115.479,6361.082,713.268,22587.120,113.946,,,5234.136,17311.538,29126.483,111.007,758.616,599.560,880.606,51.355,22628.899,,,100.628,78.415,2916.378,2218.289,6404.765,93.963,234.459,148.865,89.303,1462.152,80.216,530.670,545.123,213.011,,,,164.479,665.334,24.260,218.848,36.091,749.637,1161.311,793.239,1156.990,29.428,17.069,48.193,504.870,59.795,43.247,78.380,10.580,26.767,,1041.865,671.676,8.778,DE_KN_residential3_washing_machine | DE_KN_residential3_dishwasher
2016-01-01T09:30:00Z,2016-01-01T10:30:00+0100,17855.500,356.945,238.675,,1502.342,,,2431.797,781.004,3968.701,734.898,5115.479,6361.270,713.322,22589.699,113.946,,,5234.136,17312.101,29128.858,111.007,758.695,599.585,880.742,51.355,22631.056,,,100.628,78.422,2916.500,2218.824,6404.868,93.963,234.483,148.865,89.310,1462.192,80.216,530.690,545.123,213.011,,,,164.479,665.334,24.260,218.848,36.100,749.657,1161.489,793.334,1157.113,29.428,17.069,48.194,504.965,59.820,43.247,78.387,10.580,26.775,,1041.974,671.963,8.778,DE_KN_residential3_washing_machine | DE_KN_residential3_dishwasher | DE_KN_residential6_grid_import | DE_KN_residential6_pv | DE_KN_residential6_circulation_pump
2016-01-01T09:45:00Z,2016-01-01T10:45:00+0100,17861.000,357.090,238.800,,1502.614,,,2431.939,781.044,3969.034,734.908,5115.479,6361.895,713.369,22592.261,113.946,,,5234.136,17312.617,29131.233,111.007,758.773,599.627,880.908,51.355,22633.306,,,100.628,78.432,2916.615,2219.209,6405.006,93.963,234.493,148.865,89.310,1462.238,80.216,530.719,545.124,213.011,,,,164.479,665.334,24.260,218.848,36.103,749.657,1161.990,793.952,1157.238,29.428,17.069,48.194,505.090,59.835,43.295,78.394,10.580,26.775,,1042.092,672.156,8.778,DE_KN_residential6_circulation_pump | DE_KN_residential6_grid_import | DE_KN_residential6_pv
2016-01-01T10:00:00Z,2016-01-01T11:00:00+0100,17866.750,357.330,238.980,,1502.890,,,2432.079,781.084,3969.371,734.908,5115.479,6362.551,713.400,22594.870,113.946,,,5234.136,17313.163,29133.733,111.007,758.857,599.666,881.065,51.355,22635.524,,,100.628,78.435,2916.687,2219.219,6405.116,93.963,234.503,148.865,89.310,1462.283,80.216,530.746,545.124,213.011,,,,164.479,665.334,24.260,218.848,36.104,749.667,1162.445,794.627,1157.408,29.440,17.069,48.194,505.570,59.849,43.696,78.401,10.580,26.789,,1042.202,672.283,8.778,DE_KN_residential6_circulation_pump | DE_KN_residential6_grid_import | DE_KN_residential6_pv
2016-01-01T10:15:00Z,2016-01-01T11:15:00+0100,17872.500,357.520,239.130,,1503.111,,,2432.209,781.124,3969.701,734.908,5115.479,6362.731,713.463,22597.433,113.946,,,5234.136,17313.726,29136.108,111.007,758.945,599.706,881.228,51.355,22637.774,,,100.628,78.450,2916.796,2219.379,6405.278,93.963,234.527,148.865,89.320,1462.347,80.216,530.773,545.125,213.011,,,,164.490,665.334,24.260,218.848,36.111,749.710,1162.546,794.677,1157.539,29.456,17.069,48.195,505.660,59.858,43.713,78.408,10.580,26.789,,1042.312,672.436,8.778,DE_KN_residential6_circulation_pump | DE_KN_residential6_grid_import | DE_KN_residential6_pv
2016-01-01T10:30:00Z,2016-01-01T11:30:00+0100,17878.750,357.650,239.230,,1503.320,,,2432.357,781.164,3970.031,734.918,5115.479,6363.372,713.494,22600.011,113.946,,,5234.136,17314.288,29138.483,111.007,759.023,599.756,881.447,51.355,22639.931,,,100.628,78.450,2916.867,2219.417,6405.438,93.963,234.537,148.865,89.320,1462.387,80.216,530.796,545.126,213.011,,,,164.501,665.334,24.260,218.848,36.116,749.797,1162.654,794.792,1157.719,29.470,17.069,48.195,505.900,59.874,43.731,78.415,10.580,26.794,,1042.412,672.508,8.778,DE_KN_residential6_circulation_pump | DE_KN_residential6_grid_import | DE_KN_residential6_pv
2016-01-01T10:45:00Z,2016-01-01T11:45:00+0100,17886.250,357.885,239.415,,1503.562,,,2432.479,781.204,3970.371,734.918,5115.479,6363.989,713.525,22602.574,113.946,,,5234.136,17314.804,29140.983,111.007,759.105,599.815,881.662,51.355,22642.181,,,100.628,78.468,2917.007,2220.148,6405.599,93.963,234.561,148.865,89.320,1462.427,80.216,530.819,545.126,213.011,,,,164.513,665.334,24.260,218.848,36.117,749.861,1162.796,795.029,1157.893,29.473,17.069,48.195,506.020,59.888,43.747,78.421,10.580,26.804,,1042.502,672.586,8.778,DE_KN_residential6_circulation_pump | DE_KN_residential6_grid_import | DE_KN_residential6_pv | DE_KN_residential5_dishwasher
2016-01-01T11:00:00Z,2016-01-01T12:00:00+0100,17894.250,358.025,239.535,,1503.830,,,2432.617,781.244,3970.704,734.928,5115.479,6364.168,713.604,22605.136,113.946,,,5234.136,17315.351,29143.327,111.007,759.186,599.866,881.868,51.355,22644.399,,,100.628,78.468,2917.094,2220.158,6405.748,93.963,234.571,148.865,89.328,1462.447,80.216,530.841,545.127,213.011,,,,164.525,665.334,24.260,218.848,36.123,749.960,1162.796,795.049,1158.048,29.473,17.069,48.195,506.140,59.892,43.753,78.428,10.580,26.804,,1042.602,672.734,8.778,DE_KN_residential5_refrigerator | DE_KN_residential5_washing_machine | DE_KN_residential5_dishwasher
2016-01-01T11:15:00Z,2016-01-01T12:15:00+0100,17901.500,358.150,239.635,,1504.053,,,2432.757,781.284,3971.034,734.928,5115.479,6364.793,713.643,22607.699,113.946,,,5234.136,17315.851,29145.608,111.007,759.267,599.905,882.029,51.355,22646.602,,,100.628,78.484,2917.199,2220.426,6405.854,93.963,234.580,148.865,89.332,1462.478,80.216,530.861,545.128,213.011,,,,164.536,665.334,24.260,218.848,36.130,749.981,1163.036,795.356,1158.190,29.473,17.069,48.195,506.260,59.898,43.753,78.435,10.580,26.815,,1042.692,673.010,8.778,DE_KN_residential5_refrigerator | DE_KN_residential5_washing_machine | DE_KN_residential5_dishwasher
2016-01-01T11:30:00Z,2016-01-01T12:30:00+0100,17909.000,358.260,239.735,,1504.282,,,2432.890,781.324,3971.363,734.936,5115.479,6365.317,713.682,22610.308,113.946,,,5234.136,17316.413,29148.015,111.007,759.355,599.947,882.191,51.355,22648.790,,,100.628,78.486,2917.308,2221.001,6405.928,93.963,234.603,148.865,89.332,1462.513,80.216,530.878,545.128,213.011,,,,164.553,665.334,24.260,218.848,36.130,750.043,1163.066,795.379,1158.310,29.473,17.069,48.195,506.420,59.913,43.753,78.442,10.580,26.818,,1042.792,673.818,8.778,DE_KN_residential5_refrigerator | DE_KN_residential5_washing_machine | DE_KN_residential5_dishwasher
2016-01-01T11:45:00Z,2016-01-01T12:45:00+0100,17916.250,358.370,239.815,,1504.469,,,2433.037,781.364,3971.694,734.938,5115.479,6365.606,713.713,22612.870,113.946,,,5234.136,17316.976,29150.483,111.007,759.433,599.978,882.341,51.355,22651.040,,,100.628,78.498,2917.615,2221.420,6406.018,94.133,234.613,148.865,89.339,1462.533,80.216,530.896,545.129,213.011,,,,164.566,665.336,24.260,218.848,36.135,750.087,1163.286,795.615,1158.443,29.473,17.069,48.195,506.585,59.922,43.753,78.448,10.580,26.818,,1042.882,674.218,8.943,DE_KN_residential3_washing_machine | DE_KN_residential3_dishwasher | DE_KN_residential5_refrigerator | DE_KN_residential5_dishwasher | DE_KN_residential5_washing_machine
2016-01-01T12:00:00Z,2016-01-01T13:00:00+0100,17923.000,358.460,239.895,,1504.650,,,2433.167,781.404,3972.021,734.938,5115.479,6366.239,713.775,22615.433,113.946,,,5234.136,17317.538,29152.858,111.007,759.515,600.009,882.465,51.355,22653.227,,,100.628,78.504,2918.145,2221.619,6406.113,94.531,234.626,148.865,89.342,1462.557,80.216,530.913,545.130,213.011,,,,164.578,665.693,24.260,218.848,36.143,750.120,1163.466,795.699,1158.570,29.473,17.069,48.195,506.765,59.922,43.753,78.455,10.580,26.833,,1042.982,674.404,8.951,DE_KN_residential3_washing_machine | DE_KN_residential5_dishwasher | DE_KN_residential5_refrigerator | DE_KN_residential3_dishwasher | DE_KN_residential5_washing_machine
2016-01-01T12:15:00Z,2016-01-01T13:15:00+0100,17932.000,358.545,239.950,,1504.798,,,2433.297,781.444,3972.351,734.948,5115.479,6366.653,713.807,22618.011,113.946,,,5234.136,17318.038,29155.233,111.007,759.596,600.037,882.582,51.355,22655.477,,,100.628,78.511,2918.252,2221.639,6406.186,94.559,234.645,148.865,89.342,1462.592,80.216,530.930,545.130,213.011,,,,164.591,666.104,24.260,218.848,36.143,750.167,1163.529,795.709,1158.681,29.473,17.069,48.195,506.885,59.927,43.753,78.462,10.580,26.833,,1043.082,674.506,8.978,DE_KN_residential5_refrigerator | DE_KN_residential5_washing_machine | DE_KN_residential5_dishwasher
2016-01-01T12:30:00Z,2016-01-01T13:30:00+0100,17941.000,358.615,239.990,,1504.987,,,2433.437,781.484,3972.681,734.958,5115.479,6367.043,713.838,22620.574,113.946,,,5234.136,17318.554,29157.608,111.007,759.678,600.065,882.709,51.355,22657.712,,,100.628,78.521,2918.435,2222.449,6406.273,94.579,234.655,148.866,89.347,1462.612,80.216,530.953,545.131,213.011,,,,164.602,666.138,24.260,218.848,36.145,750.167,1164.246,796.207,1158.781,29.477,17.069,48.195,506.990,59.938,43.753,78.469,10.580,26.840,,1043.192,674.605,8.978,DE_KN_residential5_refrigerator | DE_KN_residential5_washing_machine | DE_KN_residential5_dishwasher
2016-01-01T12:45:00Z,2016-01-01T13:45:00+0100,17947.000,358.675,240.005,,1505.140,,,2433.567,781.526,3973.004,734.958,5115.479,6367.661,713.924,22623.136,113.946,,,5234.136,17319.101,29160.015,111.007,759.765,600.096,882.855,51.355,22659.868,,,100.628,78.524,2918.687,2222.779,6406.366,94.581,234.698,148.866,89.353,1462.692,80.216,530.971,545.132,213.011,,,,164.614,666.163,24.260,218.848,36.156,750.167,1165.229,796.907,1158.890,29.494,17.069,48.195,507.105,59.938,43.753,78.476,10.580,26.847,,1043.325,674.773,8.978,DE_KN_residential3_washing_machine | DE_KN_residential3_dishwasher | DE_KN_residential5_refrigerator | DE_KN_residential5_dishwasher | DE_KN_residential5_washing_machine
2016-01-01T13:00:00Z,2016-01-01T14:00:00+0100,17952.500,358.720,240.015,,1505.308,,,2433.707,781.566,3973.334,734.958,5115.479,6367.856,713.932,22625.745,113.946,,,5234.136,17319.617,29162.483,111.007,759.844,600.118,882.954,51.355,22662.087,,,100.628,78.539,2918.787,2222.802,6406.444,94.582,234.729,148.866,89.353,1463.137,80.216,530.988,545.133,213.011,,,,164.625,666.186,24.260,218.848,36.156,750.167,1165.662,797.227,1158.963,29.507,17.069,48.195,507.265,59.938,43.753,78.483,10.580,26.847,,1043.474,674.988,8.978,DE_KN_residential3_washing_machine | DE_KN_residential3_dishwasher
2016-01-01T13:15:00Z,2016-01-01T14:15:00+0100,17959.250,358.765,240.020,,1505.454,,,2433.837,781.614,3973.672,734.968,5115.479,6368.457,713.994,22628.308,113.946,,,5234.136,17320.163,29164.858,111.007,759.926,600.138,883.059,51.355,22664.337,,,100.628,78.540,2918.867,2222.959,6406.504,94.583,234.786,148.866,89.353,1463.307,80.216,531.006,545.133,213.011,,,,164.636,666.207,24.260,218.848,36.157,750.176,1165.719,797.247,1159.043,29.521,17.069,48.195,507.430,59.939,43.753,78.490,10.580,26.861,,1043.757,675.136,8.978,DE_KN_residential3_washing_machine | DE_KN_residential5_dishwasher | DE_KN_residential5_refrigerator | DE_KN_residential3_dishwasher | DE_KN_residential5_washing_machine
2016-01-01T13:30:00Z,2016-01-01T14:30:00+0100,17964.500,358.815,240.035,,1505.565,,,2433.977,781.654,3974.011,734.976,5115.479,6369.106,714.057,22630.886,113.946,,,5234.136,17320.726,29167.233,111.007,760.007,600.149,883.134,51.355,22666.493,,,100.628,78.557,2918.997,2222.959,6406.546,94.583,234.822,148.866,89.364,1463.382,80.216,531.028,545.134,213.011,,,,164.647,666.236,24.260,218.848,36.169,750.176,1166.048,797.579,1159.108,29.525,17.069,48.195,507.605,59.954,43.753,78.502,10.580,26.861,,1043.957,675.268,8.978,DE_KN_residential5_refrigerator | DE_KN_residential5_washing_machine | DE_KN_residential5_dishwasher
2016-01-01T13:45:00Z,2016-01-01T14:45:00+0100,17968.250,358.875,240.055,,1505.652,,,2434.119,781.694,3974.354,734.978,5115.479,6369.293,714.088,22633.449,113.946,,,5234.136,17321.288,29169.608,111.007,760.094,600.157,883.209,51.355,22668.712,,,100.628,78.557,2919.474,2223.139,6406.574,94.950,234.841,148.866,89.364,1463.437,80.216,531.046,545.135,213.011,,,,164.658,666.264,24.260,218.848,36.169,750.176,1166.056,797.599,1159.169,29.525,17.069,48.195,507.775,59.968,43.753,78.522,10.580,26.867,,1044.167,675.808,8.978,DE_KN_residential5_refrigerator | DE_KN_residential5_washing_machine | DE_KN_residential5_dishwasher
2016-01-01T14:00:00Z,2016-01-01T15:00:00+0100,17971.000,358.925,240.065,,1505.713,,,2434.247,781.734,3974.691,734.978,5115.479,6369.942,714.119,22636.011,113.946,,,5234.136,17321.788,29172.015,111.007,760.176,600.169,883.265,51.355,22670.962,,,100.628,78.574,2919.823,2223.249,6406.604,95.142,234.852,148.866,89.364,1463.483,80.216,531.064,545.135,213.011,,,,164.669,666.289,24.260,218.848,36.170,750.186,1166.216,797.724,1159.207,29.525,17.069,48.195,507.890,59.975,43.753,78.542,10.580,26.875,,1044.365,675.996,8.978,DE_KN_residential5_dishwasher | DE_KN_residential5_refrigerator | DE_KN_residential6_grid_import | DE_KN_residential6_pv | DE_KN_residential6_circulation_pump | DE_KN_residential5_washing_machine
2016-01-01T14:15:00Z,2016-01-01T15:15:00+0100,17974.000,358.950,240.065,,1505.752,,,2434.387,781.774,3975.031,734.988,5115.479,6370.567,714.182,22638.620,113.946,,,5234.136,17322.351,29174.483,111.007,760.257,600.169,883.314,51.355,22673.165,,,100.628,78.575,2919.980,2223.439,6406.634,95.169,234.886,148.866,89.373,1463.572,80.216,531.082,545.136,213.011,,,,164.680,666.304,24.260,218.848,36.182,750.186,1166.392,797.919,1159.242,29.525,17.069,48.195,507.970,59.978,43.753,78.562,10.580,26.875,,1044.524,676.068,8.978,DE_KN_residential6_circulation_pump | DE_KN_residential6_grid_import | DE_KN_residential6_pv | DE_KN_residential5_dishwasher
2016-01-01T14:30:00Z,2016-01-01T15:30:00+0100,17977.500,358.960,240.065,,1505.791,,,2434.527,781.814,3975.371,734.988,5115.479,6370.778,714.236,22641.183,113.946,,,5234.136,17322.867,29176.858,111.007,760.338,600.177,883.344,51.355,22675.352,,,100.628,78.586,2920.143,2223.732,6406.655,95.177,234.914,148.866,89.375,1464.027,80.216,531.104,545.137,213.011,,,,164.691,666.353,24.260,218.848,36.183,750.186,1166.441,797.947,1159.268,29.525,17.069,48.195,508.095,59.995,43.753,78.582,10.580,26.889,,1044.675,676.118,8.978,DE_KN_residential5_dishwasher
2016-01-01T14:45:00Z,2016-01-01T15:45:00+0100,17981.500,358.970,240.065,,1505.822,,,2434.667,781.856,3975.711,734.996,5115.479,6371.411,714.268,22643.761,113.946,,,5234.136,17323.413,29179.233,111.007,760.426,600.177,883.371,51.355,22677.602,,,100.628,78.593,2920.332,2224.583,6406.673,95.179,234.930,148.866,89.375,1464.517,80.216,531.121,545.137,213.011,,,,164.700,666.354,24.260,218.848,36.183,750.186,1166.759,798.247,1159.305,29.525,17.069,48.195,508.240,60.025,43.753,78.601,10.580,26.890,,1045.000,676.253,8.978,DE_KN_residential6_circulation_pump | DE_KN_residential6_grid_import | DE_KN_residential6_pv
2016-01-01T15:00:00Z,2016-01-01T16:00:00+0100,17985.000,358.970,240.065,,1505.849,,,2434.807,781.896,3976.051,734.998,5115.479,6371.934,714.338,22646.324,113.946,,,5234.136,17323.976,29181.608,111.007,760.504,600.177,883.391,51.355,22679.837,,,100.628,78.599,2920.858,2224.600,6406.673,95.548,234.962,148.866,89.380,1464.687,80.216,531.139,545.138,213.011,,,,164.700,666.355,24.260,218.848,36.193,750.186,1166.799,798.267,1159.322,29.525,17.069,48.195,508.405,60.053,43.753,78.621,10.580,26.893,,1045.625,676.301,8.978,DE_KN_residential6_circulation_pump | DE_KN_residential6_grid_import | DE_KN_residential6_pv
2016-01-01T15:15:00Z,2016-01-01T16:15:00+0100,17988.500,358.970,240.065,,1505.849,,,2434.947,781.944,3976.392,734.998,5115.479,6372.200,714.369,22648.933,113.946,,,5234.136,17324.538,29184.015,111.007,760.586,600.177,883.404,51.355,22682.040,,,100.628,78.611,2921.534,2225.204,6406.673,95.995,234.972,148.866,89.386,1464.773,80.216,531.155,545.138,213.011,,,,164.700,666.355,24.260,218.848,36.196,750.186,1167.022,798.422,1159.324,29.525,17.069,48.195,508.500,60.070,43.753,78.641,10.580,26.904,,1046.015,676.301,8.978,DE_KN_residential6_circulation_pump | DE_KN_residential6_grid_import | DE_KN_residential6_pv
2016-01-01T15:30:00Z,2016-01-01T16:30:00+0100,17994.500,358.970,240.065,,1505.849,,,2435.107,781.984,3976.732,735.008,5115.479,6372.856,714.400,22651.495,113.946,,,5234.136,17325.054,29186.483,111.007,760.667,600.177,883.404,51.355,22684.227,,,100.628,78.611,2921.787,2225.457,6406.673,96.022,235.003,148.866,89.387,1464.882,80.216,531.172,545.139,213.011,,,,164.700,666.436,24.260,218.848,36.197,750.186,1167.211,798.599,1159.324,29.525,17.069,48.195,508.555,60.070,43.753,78.661,10.580,26.904,,1046.417,676.301,8.978,DE_KN_residential6_circulation_pump | DE_KN_residential6_grid_import | DE_KN_residential6_pv
2016-01-01T15:45:00Z,2016-01-01T16:45:00+0100,18000.750,358.970,240.065,,1505.849,,,2435.267,782.024,3977.065,735.008,5115.479,6373.301,714.463,22654.074,113.946,,,5234.136,17325.617,29188.858,111.007,760.754,600.177,883.404,51.355,22686.477,,,100.628,78.629,2922.053,2225.479,6406.673,96.049,235.020,148.866,89.387,1464.988,80.216,531.189,545.139,213.011,,,,164.700,666.852,24.260,218.848,36.206,750.186,1167.331,798.639,1159.324,29.542,17.069,48.195,508.630,60.070,43.753,78.680,10.580,26.915,,1046.595,676.301,8.978,DE_KN_residential3_washing_machine | DE_KN_residential3_dishwasher | DE_KN_residential6_grid_import | DE_KN_residential6_pv | DE_KN_residential6_circulation_pump
2016-01-01T16:00:00Z,2016-01-01T17:00:00+0100,18006.000,358.970,240.065,,1505.849,,,2435.427,782.064,3977.395,735.018,5115.479,6373.676,714.494,22656.636,113.946,,,5234.136,17326.163,29191.233,111.007,760.836,600.177,883.404,51.355,22688.665,,,100.628,78.635,2922.323,2226.167,6406.673,96.075,235.046,148.866,89.398,1465.122,80.216,531.206,545.140,213.011,,,,164.700,667.172,24.260,218.848,36.209,750.186,1167.682,798.917,1159.324,29.557,17.069,48.195,508.710,60.076,43.753,78.686,10.580,26.918,,1046.757,676.301,8.978,DE_KN_residential3_washing_machine | DE_KN_residential1_freezer | DE_KN_residential3_dishwasher | DE_KN_residential1_washing_machine | DE_KN_residential1_dishwasher
2016-01-01T16:15:00Z,2016-01-01T17:15:00+0100,18011.500,358.970,240.065,,1505.849,,,2435.597,782.104,3977.722,735.018,5115.479,6374.293,714.549,22659.199,113.946,,,5234.136,17326.663,29193.608,111.007,760.914,600.177,883.404,51.355,22690.899,,,100.628,78.640,2922.602,2226.680,6406.673,96.101,235.073,148.866,89.398,1465.332,80.216,531.224,545.141,213.011,,,,164.709,667.430,24.260,218.848,36.210,750.186,1167.780,798.937,1159.324,29.570,17.069,48.195,508.820,60.095,43.753,78.693,10.580,26.919,,1046.950,676.301,8.978,DE_KN_residential1_dishwasher | DE_KN_residential1_freezer | DE_KN_residential1_washing_machine
2016-01-01T16:30:00Z,2016-01-01T17:30:00+0100,18016.500,358.970,240.065,,1505.849,,,2435.755,782.144,3978.062,735.018,5115.479,6374.473,714.604,22661.761,113.946,,,5234.136,17327.179,29196.015,111.007,760.996,600.177,883.404,51.355,22693.149,,,100.628,78.646,2922.903,2227.137,6406.673,96.126,235.088,148.866,89.398,1465.473,80.227,531.241,545.142,213.011,,,,164.721,667.775,24.260,218.848,36.218,750.186,1168.151,799.192,1159.324,29.570,17.069,48.195,508.960,60.117,43.753,78.700,10.580,26.933,,1047.180,676.301,8.978,DE_KN_residential1_dishwasher | DE_KN_residential1_freezer | DE_KN_residential1_washing_machine
2016-01-01T16:45:00Z,2016-01-01T17:45:00+0100,18020.250,358.970,240.065,,1505.849,,,2435.927,782.184,3978.402,735.028,5115.479,6375.106,714.650,22664.370,113.947,,,5234.136,17327.726,29198.483,111.007,761.077,600.177,883.404,51.355,22695.306,,,100.628,78.662,2923.190,2227.367,6406.673,96.151,235.120,148.866,89.405,1465.612,80.729,531.257,545.142,213.011,,,,164.733,667.918,24.260,218.848,36.222,750.186,1168.271,799.267,1159.324,29.570,17.069,48.195,509.130,60.130,43.753,78.707,10.580,26.933,,1047.410,676.301,8.978,DE_KN_residential1_freezer | DE_KN_residential6_grid_import | DE_KN_residential6_pv | DE_KN_residential1_washing_machine | DE_KN_residential6_circulation_pump | DE_KN_residential1_dishwasher
2016-01-01T17:00:00Z,2016-01-01T18:00:00+0100,18024.000,358.970,240.065,,1505.849,,,2436.077,782.224,3978.742,735.028,5115.479,6375.762,714.682,22666.933,113.947,,,5234.136,17328.288,29200.858,111.007,761.164,600.177,883.404,51.355,22697.556,,,100.628,78.665,2923.549,2228.169,6406.673,96.185,235.148,148.866,89.408,1465.728,80.855,531.274,545.143,213.011,,,,164.745,667.928,24.260,218.848,36.223,750.186,1168.514,799.394,1159.324,29.570,17.069,48.195,509.295,60.136,43.753,78.714,10.580,26.940,,1047.710,676.301,8.978,DE_KN_residential6_circulation_pump | DE_KN_residential6_grid_import | DE_KN_residential6_pv
2016-01-01T17:15:00Z,2016-01-01T18:15:00+0100,18028.500,358.970,240.065,,1505.849,,,2436.255,782.264,3979.082,735.038,5115.479,6375.942,714.713,22669.511,113.947,,,5234.136,17328.851,29203.233,111.007,761.246,600.177,883.404,51.355,22699.774,,,100.628,78.674,2923.850,2228.720,6406.673,96.187,235.168,148.867,89.408,1465.778,80.881,531.292,545.143,213.011,,,,164.756,667.932,24.260,218.848,36.230,750.186,1168.801,799.636,1159.324,29.570,17.069,48.195,509.435,60.136,43.753,78.721,10.580,26.947,,1047.979,676.301,8.978,DE_KN_residential6_circulation_pump | DE_KN_residential6_grid_import | DE_KN_residential6_pv
2016-01-01T17:30:00Z,2016-01-01T18:30:00+0100,18032.750,358.970,240.065,,1505.849,,,2436.425,782.304,3979.422,735.038,5115.479,6376.575,714.775,22672.120,113.947,,,5234.136,17329.413,29205.608,111.007,761.327,600.177,883.404,51.355,22702.024,,,100.628,78.683,2924.229,2228.840,6406.673,96.188,235.200,148.867,89.412,1465.857,80.907,531.309,545.144,213.011,,,,164.768,667.935,24.260,218.848,36.235,750.186,1168.886,799.649,1159.324,29.570,17.069,48.195,509.540,60.149,43.753,78.728,10.580,26.947,,1048.187,676.301,8.978,DE_KN_residential6_circulation_pump | DE_KN_residential6_grid_import | DE_KN_residential6_pv | DE_KN_residential5_dishwasher
2016-01-01T17:45:00Z,2016-01-01T18:45:00+0100,18038.000,358.970,240.065,,1505.849,,,2436.577,782.344,3979.771,735.045,5115.479,6377.207,714.807,22674.683,113.947,,,5234.136,17329.929,29208.015,111.007,761.408,600.177,883.404,51.355,22704.181,,,100.628,78.686,2925.006,2228.840,6406.673,96.188,235.232,148.867,89.420,1465.932,80.932,531.326,545.145,213.011,,,,164.779,667.940,24.260,218.848,36.236,750.186,1169.261,799.989,1159.324,29.570,17.069,48.195,509.640,60.164,43.753,78.735,10.580,26.961,,1048.437,676.301,8.978,DE_KN_residential6_circulation_pump | DE_KN_residential6_grid_import | DE_KN_residential6_pv | DE_KN_residential5_dishwasher
2016-01-01T18:00:00Z,2016-01-01T19:00:00+0100,18042.750,358.970,240.065,,1505.849,,,2436.747,782.384,3980.111,735.048,5115.479,6377.418,714.900,22677.277,113.947,,,5234.136,17330.476,29210.483,111.007,761.496,600.177,883.404,51.355,22706.399,,,100.628,78.700,2925.651,2229.489,6406.673,96.189,235.250,148.867,89.420,1466.013,80.959,531.343,545.145,213.011,,,,164.780,667.944,24.260,218.848,36.241,750.186,1169.351,800.007,1159.324,29.570,17.069,48.195,509.725,60.174,43.753,78.741,10.580,26.962,,1048.595,676.301,8.978,DE_KN_residential5_dishwasher
2016-01-01T18:15:00Z,2016-01-01T19:15:00+0100,18049.750,358.970,240.065,,1505.849,,,2436.907,782.426,3980.461,735.048,5115.479,6378.067,714.924,22679.839,113.947,,,5234.136,17331.038,29212.983,111.007,761.574,600.177,883.404,51.355,22708.649,,,100.628,78.701,2926.044,2229.639,6406.673,96.190,235.275,148.867,89.420,1466.097,80.989,531.360,545.146,213.011,,,,164.780,667.948,24.260,218.848,36.248,750.186,1169.882,800.282,1159.324,29.570,17.069,48.195,509.790,60.174,43.753,78.748,10.580,26.965,,1048.745,676.301,8.978,DE_KN_residential6_circulation_pump | DE_KN_residential6_grid_import | DE_KN_residential6_pv | DE_KN_residential5_dishwasher
2016-01-01T18:30:00Z,2016-01-01T19:30:00+0100,18057.000,358.970,240.065,,1505.849,,,2437.074,782.466,3980.801,735.058,5115.479,6378.575,714.963,22682.402,113.947,,,5234.136,17331.538,29215.358,111.007,761.658,600.177,883.404,51.355,22710.899,,,100.628,78.718,2926.385,2229.641,6406.673,96.190,235.307,148.867,89.431,1466.207,81.019,531.377,545.147,213.011,,,,164.781,667.952,24.260,218.848,36.249,750.186,1170.139,800.359,1159.324,29.580,17.069,48.195,509.870,60.174,43.753,78.755,10.580,26.976,,1048.872,676.301,8.978,DE_KN_residential6_circulation_pump | DE_KN_residential6_grid_import | DE_KN_residential6_pv
2016-01-01T18:45:00Z,2016-01-01T19:45:00+0100,18061.500,358.970,240.065,,1505.849,,,2437.237,782.514,3981.142,735.058,5115.479,6378.856,714.994,22684.995,113.947,,,5234.136,17332.101,29217.733,111.007,761.746,600.177,883.404,51.355,22713.149,,,100.628,78.719,2926.633,2229.648,6406.673,96.191,235.318,148.867,89.431,1466.302,81.019,531.394,545.147,213.011,,,,164.781,668.350,24.260,218.848,36.252,750.186,1170.416,800.454,1159.324,29.596,17.069,48.195,509.950,60.176,43.753,78.762,10.580,26.976,,1048.962,676.301,8.978,DE_KN_residential6_circulation_pump | DE_KN_residential6_grid_import | DE_KN_residential6_pv
2016-01-01T19:00:00Z,2016-01-01T20:00:00+0100,18066.000,358.970,240.065,,1505.849,,,2437.397,782.554,3981.492,735.065,5115.479,6379.504,715.057,22687.589,113.947,,,5234.136,17332.617,29220.108,111.007,761.824,600.177,883.404,51.355,22715.306,,,100.628,78.735,2926.905,2229.891,6406.673,96.191,235.351,148.867,89.431,1466.412,81.020,531.411,545.148,213.011,,,,164.787,668.686,24.273,218.848,36.261,750.186,1170.761,800.699,1159.324,29.611,17.069,48.196,510.050,60.197,43.753,78.769,10.580,26.986,,1049.052,676.301,8.978,DE_KN_residential6_circulation_pump | DE_KN_residential6_grid_import | DE_KN_residential6_pv
2016-01-01T19:15:00Z,2016-01-01T20:15:00+0100,18071.750,358.970,240.065,,1505.849,,,2437.574,782.594,3981.832,735.068,5115.479,6379.887,715.111,22690.152,113.947,,,5234.136,17333.163,29222.483,111.007,761.906,600.177,883.404,51.355,22717.556,,,100.628,78.736,2927.165,2229.898,6406.673,96.192,235.388,148.867,89.438,1466.542,81.020,531.429,545.148,213.011,,,,164.799,668.896,24.323,218.848,36.262,750.186,1171.046,800.719,1159.324,29.624,17.069,48.196,510.155,60.226,43.753,78.775,10.580,27.003,,1049.172,676.301,8.978,DE_KN_residential6_circulation_pump | DE_KN_residential6_grid_import | DE_KN_residential6_pv | DE_KN_residential5_dishwasher
2016-01-01T19:30:00Z,2016-01-01T20:30:00+0100,18077.000,358.970,240.065,,1505.849,,,2437.727,782.634,3982.172,735.068,5115.479,6380.348,715.166,22692.808,113.947,,,5234.136,17333.726,29224.983,111.007,761.987,600.177,883.404,51.355,22719.774,,,100.628,78.749,2927.435,2230.129,6406.673,96.192,235.437,148.867,89.442,1466.682,81.020,531.446,545.149,213.011,,,,164.811,669.051,24.645,218.848,36.263,750.186,1171.901,801.119,1159.324,29.628,17.070,48.196,510.305,60.241,43.753,78.782,10.580,27.007,,1049.292,676.301,8.978,DE_KN_residential6_circulation_pump | DE_KN_residential6_grid_import | DE_KN_residential6_pv | DE_KN_residential5_dishwasher
2016-01-01T19:45:00Z,2016-01-01T20:45:00+0100,18081.500,358.970,240.065,,1505.849,,,2437.885,782.674,3982.511,735.078,5115.479,6380.981,715.213,22695.386,113.947,,,5234.136,17334.288,29227.358,111.007,762.074,600.177,883.404,51.355,22721.931,,,100.628,78.754,2927.685,2230.176,6406.673,96.193,235.472,148.867,89.442,1466.797,81.020,531.463,545.150,213.011,,,,164.823,669.062,24.871,218.848,36.274,750.186,1172.974,801.811,1159.324,29.628,17.071,48.196,510.455,60.254,43.753,78.789,10.580,27.023,,1049.405,676.301,8.979,DE_KN_residential6_circulation_pump | DE_KN_residential6_grid_import | DE_KN_residential6_pv
2016-01-01T20:00:00Z,2016-01-01T21:00:00+0100,18085.750,358.970,240.065,,1505.849,,,2438.037,782.714,3982.861,735.078,5115.479,6381.168,715.244,22697.949,113.947,,,5234.136,17334.851,29229.733,111.007,762.156,600.177,883.404,51.355,22724.181,,,100.628,78.761,2927.915,2230.561,6406.673,96.193,235.487,148.867,89.444,1466.872,81.020,531.480,545.283,213.011,,,,164.834,669.066,25.008,218.849,36.275,750.186,1173.674,802.379,1159.324,29.628,17.071,48.196,510.595,60.257,43.753,78.796,10.580,27.029,,1049.522,676.301,8.979,DE_KN_residential6_circulation_pump | DE_KN_residential6_grid_import | DE_KN_residential6_pv
2016-01-01T20:15:00Z,2016-01-01T21:15:00+0100,18090.000,358.970,240.065,,1505.849,,,2438.187,782.754,3983.201,735.085,5115.479,6381.825,715.275,22700.464,113.947,,,5234.136,17335.367,29232.108,111.007,762.234,600.177,883.404,51.355,22726.399,,,100.628,78.772,2928.124,2230.568,6406.673,96.194,235.502,148.867,89.453,1466.957,81.020,531.498,545.336,213.011,,,,164.845,669.069,25.011,218.849,36.275,750.186,1173.791,802.399,1159.324,29.628,17.071,48.196,510.745,60.270,43.753,78.803,10.580,27.041,,1049.642,676.301,8.979,DE_KN_residential6_circulation_pump | DE_KN_residential6_grid_import | DE_KN_residential6_pv | DE_KN_residential1_washing_machine
2016-01-01T20:30:00Z,2016-01-01T21:30:00+0100,18094.500,358.970,240.065,,1505.849,,,2438.347,782.794,3983.544,735.088,5115.479,6382.442,715.338,22703.120,113.947,,,5234.136,17335.929,29234.483,111.007,762.318,600.177,883.404,51.355,22728.649,,,100.628,78.772,2928.398,2230.784,6406.673,96.195,235.517,148.867,89.453,1467.028,81.020,531.516,545.485,213.011,,,,164.849,669.075,25.011,218.849,36.287,750.186,1174.245,802.732,1159.324,29.628,17.071,48.196,510.895,60.284,43.753,78.810,10.580,27.046,,1049.754,676.301,8.979,DE_KN_residential1_washing_machine | DE_KN_residential5_dishwasher
2016-01-01T20:45:00Z,2016-01-01T21:45:00+0100,18099.250,358.970,240.065,,1505.849,,,2438.497,782.836,3983.881,735.088,5115.479,6382.653,715.369,22705.699,113.947,,,5234.136,17336.476,29236.983,111.007,762.406,600.177,883.404,51.355,22730.899,,,100.628,78.790,2928.697,2231.675,6406.673,96.195,235.533,148.867,89.453,1467.087,81.020,531.534,545.512,213.011,,,,164.849,669.079,25.011,218.849,36.287,750.186,1174.349,802.779,1159.324,29.628,17.071,48.196,511.040,60.285,43.753,78.817,10.580,27.054,,1049.875,676.301,8.979,DE_KN_residential5_dishwasher
2016-01-01T21:00:00Z,2016-01-01T22:00:00+0100,18104.500,358.970,240.065,,1505.849,,,2438.675,782.876,3984.222,735.098,5115.479,6383.286,715.463,22708.261,113.947,,,5234.136,17336.976,29239.358,111.007,762.484,600.177,883.404,51.355,22733.056,,,100.628,78.790,2928.964,2231.689,6406.673,96.196,235.548,148.867,89.463,1467.137,81.020,531.552,545.554,213.011,,,,164.849,669.082,25.011,218.849,36.288,750.186,1174.553,802.907,1159.324,29.628,17.071,48.196,511.170,60.285,43.753,78.824,10.580,27.063,,1050.012,676.301,8.979,DE_KN_residential6_circulation_pump | DE_KN_residential6_grid_import | DE_KN_residential6_pv | DE_KN_residential5_dishwasher
2016-01-01T21:15:00Z,2016-01-01T22:15:00+0100,18109.750,358.970,240.065,,1505.849,,,2438.827,782.924,3984.551,735.098,5115.479,6383.856,715.486,22710.870,113.947,,,5234.136,17337.538,29241.733,111.007,762.566,600.177,883.404,51.355,22735.306,,,100.628,78.808,2929.235,2231.699,6406.673,96.196,235.568,148.867,89.464,1467.167,81.020,531.569,545.566,213.011,,,,164.849,669.086,25.011,218.849,36.298,750.186,1174.791,803.086,1159.324,29.628,17.071,48.196,511.330,60.285,43.753,78.831,10.580,27.064,,1050.145,676.301,8.979,DE_KN_residential6_circulation_pump | DE_KN_residential6_grid_import | DE_KN_residential6_pv | DE_KN_residential5_dishwasher
2016-01-01T21:30:00Z,2016-01-01T22:30:00+0100,18115.500,358.970,240.065,,1505.849,,,2438.977,782.964,3984.902,735.108,5115.479,6384.106,715.525,22713.433,113.947,,,5234.136,17338.054,29244.108,111.007,762.647,600.177,883.404,51.355,22737.556,,,100.628,78.808,2929.527,2232.392,6406.673,96.197,235.591,148.867,89.464,1467.202,81.020,531.588,545.568,213.011,,,,164.851,669.092,25.011,218.849,36.301,750.186,1174.879,803.106,1159.324,29.632,17.071,48.196,511.510,60.287,43.753,78.838,10.580,27.079,,1050.282,676.301,8.979,DE_KN_residential3_washing_machine | DE_KN_residential3_dishwasher | DE_KN_residential5_dishwasher | DE_KN_residential6_grid_import | DE_KN_residential6_pv | DE_KN_residential6_circulation_pump
2016-01-01T21:45:00Z,2016-01-01T22:45:00+0100,18121.000,358.970,240.065,,1505.849,,,2439.137,783.004,3985.242,735.108,5115.479,6384.731,715.557,22716.011,113.947,,,5234.136,17338.617,29246.483,111.007,762.734,600.177,883.404,51.355,22739.774,,,100.628,78.822,2929.789,2232.469,6406.673,96.197,235.615,148.867,89.469,1467.238,81.020,531.599,545.569,213.011,,,,164.863,669.109,25.011,218.849,36.301,750.186,1175.281,803.415,1159.324,29.648,17.071,48.199,511.710,60.303,43.753,78.845,10.580,27.079,,1050.415,676.301,8.979,DE_KN_residential3_washing_machine | DE_KN_residential3_dishwasher
2016-01-01T22:00:00Z,2016-01-01T23:00:00+0100,18126.000,358.970,240.065,,1505.849,,,2439.269,783.044,3985.582,735.108,5115.479,6385.270,715.619,22718.574,113.947,,,5234.136,17339.163,29248.983,111.007,762.816,600.177,883.404,51.355,22741.931,,,100.628,78.826,2930.042,2232.469,6406.673,96.198,235.625,148.868,89.475,1467.268,81.020,531.602,545.570,213.011,,,,164.875,669.110,25.011,218.849,36.310,750.186,1175.384,803.447,1159.324,29.662,17.071,48.516,512.225,60.324,43.753,78.852,10.580,27.086,,1050.544,676.301,8.979,DE_KN_residential3_washing_machine | DE_KN_residential3_dishwasher | DE_KN_residential6_grid_import | DE_KN_residential6_pv | DE_KN_residential6_circulation_pump
2016-01-01T22:15:00Z,2016-01-01T23:15:00+0100,18130.500,358.970,240.065,,1505.849,,,2439.417,783.084,3985.931,735.125,5115.479,6385.575,715.674,22721.183,113.947,,,5234.136,17339.726,29251.390,111.007,762.897,600.177,883.404,51.355,22744.181,,,100.628,78.835,2930.220,2232.784,6406.673,96.199,235.634,148.868,89.475,1467.288,81.020,531.604,545.570,213.011,,,,164.886,669.347,25.011,218.849,36.314,750.186,1175.663,803.584,1159.324,29.676,17.071,48.556,512.440,60.339,43.753,78.859,10.580,27.097,,1050.745,676.301,8.979,DE_KN_residential6_circulation_pump | DE_KN_residential6_grid_import | DE_KN_residential6_pv
2016-01-01T22:30:00Z,2016-01-01T23:30:00+0100,18136.500,358.970,240.065,,1505.849,,,2439.549,783.124,3986.271,735.128,5115.479,6386.223,715.705,22723.745,113.947,,,5234.136,17340.288,29253.858,111.007,762.978,600.177,883.404,51.355,22746.431,,,100.628,78.844,2930.337,2233.318,6406.673,96.199,235.657,148.868,89.475,1467.317,81.020,531.609,545.571,213.011,,,,164.897,669.355,25.011,218.849,36.315,750.186,1175.889,803.759,1159.324,29.678,17.071,48.566,512.620,60.354,43.753,78.868,10.580,27.102,,1050.935,676.301,8.979,DE_KN_residential6_circulation_pump | DE_KN_residential6_grid_import | DE_KN_residential6_pv
2016-01-01T22:45:00Z,2016-01-01T23:45:00+0100,18142.500,358.970,240.065,,1505.849,,,2439.687,783.166,3986.621,735.128,5115.479,6386.465,715.775,22726.370,113.947,,,5234.136,17340.851,29256.233,111.007,763.066,600.177,883.404,51.355,22748.649,,,100.628,78.846,2930.447,2233.379,6406.673,96.200,235.667,148.868,89.486,1467.367,81.020,531.625,545.572,213.011,,,,164.904,669.355,25.011,218.849,36.321,750.186,1175.979,803.779,1159.324,29.678,17.071,48.577,512.785,60.367,43.753,78.889,10.580,27.112,,1051.084,676.301,8.979,DE_KN_residential3_washing_machine | DE_KN_residential3_dishwasher | DE_KN_residential6_grid_import | DE_KN_residential6_pv | DE_KN_residential6_circulation_pump
2016-01-01T23:00:00Z,2016-01-02T00:00:00+0100,18147.000,358.970,240.065,,1505.849,,,2439.837,783.214,3986.961,735.138,5115.479,6387.067,715.807,22728.933,113.947,,,5234.136,17341.413,29258.608,111.007,763.143,600.177,883.404,51.355,22750.899,,,100.628,78.862,2930.568,2233.379,6406.673,96.200,235.681,148.868,89.486,1467.422,81.020,531.641,545.573,213.011,,,,164.904,669.355,25.011,218.849,36.327,750.186,1176.381,804.096,1159.324,29.678,17.071,48.587,512.920,60.370,43.753,78.909,10.581,27.112,,1051.232,676.301,8.979,DE_KN_residential3_washing_machine | DE_KN_residential3_dishwasher
2016-01-01T23:15:00Z,2016-01-02T00:15:00+0100,18150.750,358.970,240.065,,1505.849,,,2439.967,783.254,3987.301,735.138,5115.479,6387.700,715.838,22731.511,113.947,,,5234.136,17341.929,29260.983,111.007,763.228,600.177,883.404,51.355,22753.149,,,100.628,78.862,2930.679,2233.389,6406.673,96.201,235.701,148.868,89.486,1467.478,81.020,531.658,545.573,213.011,,,,164.904,669.355,25.011,218.849,36.328,750.186,1176.461,804.116,1159.324,29.678,17.071,48.596,513.055,60.386,43.753,78.929,10.581,27.127,,1051.352,676.301,8.979,DE_KN_residential3_washing_machine | DE_KN_residential3_dishwasher | DE_KN_residential6_grid_import | DE_KN_residential6_pv | DE_KN_residential6_circulation_pump
2016-01-01T23:30:00Z,2016-01-02T00:30:00+0100,18155.750,358.970,240.065,,1505.849,,,2440.109,783.294,3987.642,735.148,5115.479,6387.864,715.924,22734.074,113.947,,,5234.136,17342.476,29263.390,111.007,763.307,600.177,883.404,51.355,22755.352,,,100.628,78.880,2930.810,2233.389,6406.673,96.201,235.710,148.868,89.494,1467.523,81.020,531.678,545.574,213.011,,,,164.904,669.355,25.011,218.849,36.331,750.186,1176.731,804.316,1159.324,29.678,17.071,48.606,513.195,60.396,43.753,78.949,10.581,27.127,,1051.442,676.301,8.979,DE_KN_residential6_circulation_pump | DE_KN_residential6_grid_import | DE_KN_residential6_pv
2016-01-01T23:45:00Z,2016-01-02T00:45:00+0100,18162.500,358.970,240.065,,1505.849,,,2440.247,783.334,3987.975,735.148,5115.479,6388.520,715.932,22736.636,113.947,,,5234.136,17343.023,29265.858,111.007,763.394,600.177,883.404,51.355,22757.556,,,100.628,78.880,2930.929,2233.389,6406.673,96.202,235.733,148.868,89.497,1467.587,81.020,531.695,545.574,213.011,,,,164.904,669.355,25.011,218.849,36.340,750.186,1176.859,804.437,1159.324,29.678,17.071,48.615,513.330,60.396,43.753,78.970,10.581,27.133,,1051.542,676.301,8.979,DE_KN_residential6_circulation_pump | DE_KN_residential6_grid_import | DE_KN_residential6_pv
